,,,,,,,,,
9.953436671893642540e+01,1.006771724416128109e+02,1.005577169363625956e+02,1.011970179565735322e+02,1.001421695764879018e+02,1.000942489885982525e+02,9.839699899426986462e+01,1.002043522162391582e+02,9.904517561073362231e+01,9.949924957986604568e+01
1.003645079648689631e+02,9.920360763123528614e+01,9.949279800893040715e+01,9.910393472789441205e+01,1.003997081670259348e+02,1.007563372615317689e+02,9.793402554525926007e+01,9.832781033752607414e+01,9.777153758337094303e+01,1.002561733056415676e+02
9.985234089674536051e+01,1.002015904988554666e+02,1.008048255409592855e+02,1.002346168457837763e+02,9.873408635927094679e+01,1.003170063949077786e+02,9.935919399051532253e+01,9.999267648679970932e+01,1.008004884050185836e+02,1.009602900265246888e+02
1.006993124900813399e+02,1.008621189204867505e+02,1.002023418172545348e+02,9.948960019707715219e+01,1.018878509116266002e+02,9.920566775227490552e+01,1.004880085058269970e+02,1.003716316030878914e+02,9.941418016746264641e+01,9.814618825600420848e+01
1.021827331935148351e+02,1.003840082456085412e+02,1.014516075836375677e+02,1.002243431072098474e+02,9.844648236624433935e+01,1.015316818266524450e+02,1.008668970452026912e+02,1.005576471275579706e+02,1.004380130203579853e+02,9.765633140932916945e+01
9.998224921627290485e+01,1.000931841952416050e+02,1.006130494664374879e+02,9.994332105100330921e+01,1.000849071546285245e+02,9.998661258027516396e+01,1.012948545397867690e+02,9.870345409598671438e+01,9.911975999988408148e+01,1.000307480983626363e+02
1.007247374793056878e+02,1.038028840546124769e+02,1.007587001389333068e+02,9.944845987889577543e+01,1.001830896494280978e+02,9.960327292041910141e+01,1.017846610991628751e+02,9.931494778618341002e+01,9.910510488819177510e+01,9.917280443797946532e+01
1.002283832193884763e+02,9.722406414186093571e+01,9.837249471674462598e+01,1.004784397142090029e+02,9.960560435422543435e+01,9.860939611421309792e+01,9.862058530285148095e+01,9.973752082763621729e+01,1.002663724851942817e+02,1.001896570926056427e+02
9.827952927227401858e+01,9.798575518070460078e+01,1.010416896244832401e+02,1.007057401662613216e+02,1.002718539393504500e+02,1.000791828418180245e+02,1.003735501382369506e+02,9.952349727717353289e+01,9.989321080647616213e+01,1.002133893309886474e+02
9.969803745728179933e+01,9.902141759937836696e+01,1.017893230325142611e+02,9.954821767346561501e+01,1.006252574240336770e+02,9.833948078802016823e+01,1.007371261117994266e+02,9.861036679746004552e+01,9.955016571673766634e+01,9.986255909755016091e+01
1.008345909407271961e+02,9.826147493191122351e+01,9.870810855875009793e+01,9.893229611748225238e+01,1.008304240613215796e+02,9.997927403160619519e+01,9.976191042146028565e+01,9.982426893334623230e+01,1.013814006441703555e+02,1.006957926369123300e+02
9.941090779349445938e+01,1.010104302020206291e+02,1.004850240447982515e+02,1.006171269789739000e+02,9.981559265209988041e+01,9.973443577852859221e+01,1.010344168845938526e+02,9.973248589990646451e+01,9.930868244086182983e+01,1.015482051055292629e+02
1.019476576902114004e+02,9.927300682825297429e+01,9.996105292776105955e+01,9.992036701851864677e+01,9.954992370560067627e+01,9.899624575879361998e+01,9.961189215517356388e+01,9.964818755280978735e+01,1.007857807413384421e+02,1.005087038636673782e+02
9.978555061661909065e+01,9.963017634658910993e+01,9.933532253222655584e+01,1.002088522199422584e+02,9.929567360631405393e+01,1.016790945866861477e+02,9.981414787148230516e+01,9.906234520244906605e+01,9.997279811653805837e+01,1.005650436072123171e+02
1.006348481728658157e+02,1.004462347739792847e+02,1.000116854925736476e+02,1.000060426659132844e+02,1.021779097576551720e+02,1.016185617083636998e+02,9.991374800775260212e+01,1.007888160185332111e+02,1.002022738737930752e+02,1.006583600564652556e+02
1.006039621080670372e+02,1.004824561348338250e+02,9.976717921073361595e+01,1.001033724480337668e+02,9.950636895274192284e+01,1.005325216443153238e+02,9.884208583679867388e+01,1.012193836567332994e+02,1.017382164672783773e+02,9.948073260591129952e+01
9.976097695832487489e+01,1.012240907404781467e+02,9.897671187963413786e+01,1.007631907375382383e+02,9.964358440145709039e+01,9.939134258308421010e+01,9.878442267607420035e+01,1.009505975230370751e+02,1.007259321800697052e+02,1.000448177975306834e+02
9.878005429815279115e+01,9.927575576766483323e+01,1.005994355146297892e+02,1.005379004716866405e+02,1.009799364126814396e+02,1.008685035592501862e+02,9.993753663095135664e+01,9.950431537353168210e+01,1.011283504641338169e+02,9.873920566498858875e+01
9.968991726036676937e+01,1.015258099257209068e+02,1.000600625142161988e+02,1.010354470371836015e+02,9.871477790223096349e+01,9.957576163286879023e+01,9.949219604471919354e+01,1.007430673526924920e+02,1.011351848189696483e+02,1.005064116643251140e+02
1.005927422224482228e+02,9.999807518477108204e+01,1.013398704750747470e+02,1.002340662828483602e+02,9.987469913847108671e+01,9.998097066270442212e+01,1.020418262832723855e+02,1.003826696703210644e+02,9.999465510024556636e+01,9.960888958093700296e+01
1.004788650634920231e+02,9.923851641921186229e+01,1.007778669543289283e+02,9.960074344179217576e+01,9.973732685431214406e+01,1.023948321922821094e+02,1.008575088217191364e+02,1.002676958689837647e+02,1.018858000966909572e+02,9.875904120191103175e+01
1.020627609129041247e+02,1.004511892616478832e+02,9.968789329819988154e+01,1.005458255183781375e+02,9.949712759917706251e+01,9.889452346293835205e+01,9.949006990488285851e+01,1.003667590415105479e+02,9.836290800080971053e+01,1.000114401016602272e+02
9.944512604510565268e+01,9.936384061742427320e+01,9.971891310048991386e+01,9.806481038029269826e+01,1.001951065191775285e+02,1.001164587933172072e+02,1.005739817798781530e+02,1.023219598120347626e+02,9.685082397338361204e+01,9.819282418065407114e+01
9.766661897143912086e+01,9.979766802407085891e+01,9.910189245800165736e+01,9.920309184520846202e+01,9.883190964491731734e+01,9.884851854483994771e+01,9.957290857884626689e+01,1.001342323924175588e+02,1.018837991141755879e+02,1.002133499953547044e+02
1.010155997596156823e+02,9.818366343738154001e+01,9.933395813379432582e+01,9.903914355332116770e+01,1.007535434072806453e+02,9.984845150021129712e+01,9.983278282089082722e+01,9.855166087697573118e+01,9.894020770242200058e+01,1.004002526535908117e+02
1.008547509856608855e+02,1.009129008935359337e+02,1.000438140751544438e+02,1.009877434376976879e+02,1.004186805508103077e+02,1.000560834234183574e+02,1.000063564104883795e+02,1.001465212263338316e+02,1.001800816109130636e+02,1.003336728786677838e+02
1.020032663791590437e+02,9.934530364079510889e+01,9.798527766867573519e+01,1.005312623290787144e+02,9.998381684836867578e+01,1.006429718538451823e+02,9.960384644172975754e+01,1.002453904224847321e+02,1.006916559248636105e+02,1.010601172949961466e+02
9.909128847514642757e+01,9.931586123629911356e+01,9.954941509457289328e+01,9.961987485620933569e+01,9.865274446650280993e+01,9.969073886844932986e+01,9.813776859957948773e+01,1.003512773273981935e+02,1.000700447470375707e+02,9.771055777256123065e+01
1.004173038798245301e+02,9.925685051622895116e+01,1.007010020462497693e+02,9.958004326569179909e+01,1.001939141999094574e+02,1.000986960327552993e+02,1.018360931999733623e+02,1.018270611625428188e+02,1.010624520956622092e+02,9.945087928070277883e+01
1.010108056539248906e+02,1.003419518839668427e+02,9.943158336779168849e+01,1.018151641176708750e+02,9.994351010240882260e+01,1.002974989280316436e+02,1.008424855112067036e+02,9.901658419729996297e+01,1.005842375553541785e+02,9.866067044212377368e+01
1.014350606261000536e+02,9.905469479948801848e+01,1.004213223623911233e+02,1.007972260725957483e+02,1.008852024824327600e+02,9.910840437640767675e+01,9.982411237468326703e+01,9.879477836762772824e+01,9.827182318998904975e+01,9.938234077577293135e+01
1.001199397624189658e+02,9.897754163310719377e+01,1.019066165320422357e+02,9.943675783980145866e+01,1.004415969022143145e+02,1.007927541699013574e+02,1.005356933700437025e+02,1.015419509363189690e+02,9.917150378816505452e+01,9.968828328264842753e+01
1.009848969437303481e+02,9.998105980682449001e+01,9.962554096030802953e+01,9.926768932845881466e+01,1.018426859646370843e+02,1.010221202648740615e+02,1.000078984881261448e+02,1.006511955581125335e+02,9.849355439179241500e+01,1.008029028796465241e+02
9.834019899922542152e+01,1.006892771398860873e+02,9.841588318842526917e+01,1.003328268718722285e+02,1.000702527319571971e+02,1.005899201138587529e+02,9.945760968287993364e+01,1.015511745368721535e+02,1.012673841473477978e+02,9.850392493607161271e+01
9.927680389279633744e+01,9.903574831218386976e+01,9.951667886942234986e+01,9.947239881921376536e+01,1.009254014510427311e+02,9.912343924904054404e+01,1.005129331376171109e+02,1.018927716030234620e+02,9.984532437084344281e+01,9.993748410157702722e+01
9.925529101344865524e+01,9.919343952064625114e+01,1.007072786553323738e+02,9.975029775848733493e+01,9.951162719044712901e+01,1.003959305946643212e+02,9.710750241804362304e+01,1.007039111714487660e+02,9.965337577580972095e+01,1.012391365027736612e+02
1.018850758606852196e+02,9.846042356655449623e+01,9.996940957957701812e+01,9.861859077253015471e+01,1.007717739369546308e+02,1.003822949128406208e+02,1.000896740034685592e+02,1.008182439411670401e+02,1.003461036818849124e+02,9.917034485733125848e+01
9.974055383378345141e+01,1.001613995089409883e+02,1.005698660193089182e+02,9.945703950926279902e+01,9.999652736725130353e+01,9.767916762728094682e+01,9.986615150763698523e+01,1.010787700687728261e+02,1.006247462920447049e+02,9.915106465759828325e+01
1.000496045601107085e+02,1.025702658605752049e+02,1.000418946152553872e+02,1.000395115208803958e+02,9.974127752565637195e+01,9.950126371736472208e+01,9.906322318769259994e+01,1.012397392864143342e+02,9.983898774002422272e+01,9.998565294239317325e+01
9.943106213469819465e+01,1.006989377391446396e+02,1.002110898499921063e+02,1.017898324980061773e+02,9.965743448287487638e+01,1.006720919890979786e+02,1.006984093963199740e+02,1.011297586183678447e+02,9.920982356261031043e+01,9.841043799124707903e+01
1.009339548476781090e+02,1.002301055503831435e+02,9.855776701517254423e+01,1.013758483048952428e+02,9.998736470916973929e+01,1.001074902734442418e+02,9.917409723101259544e+01,9.925355578828079217e+01,1.005517720948767533e+02,1.007294755978800822e+02
1.006574476693820799e+02,1.012077539595389339e+02,1.001728170409716796e+02,1.002595400876893308e+02,1.007894159849757614e+02,1.008211519556294888e+02,1.007017136974404821e+02,1.009601107979617041e+02,9.985427555938873923e+01,9.924631259215497892e+01
1.004528846135080045e+02,9.901090723324820431e+01,1.004659000739778776e+02,1.001242694806024360e+02,1.020532139699639629e+02,9.953741436032134970e+01,9.915478938241126627e+01,1.020282253985507310e+02,9.928426195195717696e+01,9.850823715629407218e+01
9.961571931416138170e+01,1.011238712832284392e+02,9.953604616325908694e+01,1.023208746058236329e+02,1.013543690379595290e+02,9.939164688459855768e+01,1.010824156648027810e+02,9.824381174262930472e+01,1.020562350182842550e+02,9.973844742238550509e+01
1.000138307697412614e+02,1.008288778051530414e+02,1.017131209770745244e+02,9.999211025619523241e+01,9.820323097196113338e+01,1.004716104919542516e+02,1.002430040114116565e+02,9.935869315370408117e+01,9.804344058100640780e+01,1.007511982239960417e+02
9.994838033748195016e+01,9.863696250888627048e+01,1.019887287717665032e+02,1.020653013133072164e+02,1.005740020565566510e+02,1.004993515540381139e+02,9.771567054960642906e+01,9.864773580427291222e+01,9.947419067509177637e+01,1.004070761955634765e+02
9.892098470875153282e+01,1.009076910297013683e+02,1.005238404571805688e+02,1.003133018668952730e+02,9.945564525832973857e+01,9.856530354473015620e+01,1.006387513394596880e+02,1.007403000992073316e+02,1.001155438619367004e+02,1.012836720516933156e+02
9.913446320092154451e+01,9.917999361042389239e+01,1.013077541811370139e+02,1.002563797862828068e+02,9.983860133372724022e+01,1.003118404370768388e+02,1.011125164406824979e+02,9.980471737670049492e+01,1.002669871265038921e+02,9.994234341542549771e+01
9.814115100728403718e+01,9.871843861995537850e+01,1.001413395153189612e+02,1.001904197402373029e+02,1.004018258863289077e+02,9.914456889829220643e+01,9.912051689391067555e+01,9.838092627703473170e+01,1.019785070470065875e+02,1.008542576669525346e+02
9.971443795529461340e+01,9.988305482983065531e+01,1.001466947011746527e+02,1.014618285936998063e+02,9.959317165484023349e+01,9.823794526416324402e+01,9.981689717735621059e+01,9.860240592108426938e+01,9.970936321534783531e+01,1.010207928894472644e+02
1.009008995924474021e+02,1.002083946949313855e+02,1.007177391101078570e+02,9.980635352245438696e+01,1.006821101681009765e+02,1.003213508436232502e+02,1.007231489696927440e+02,1.009503909364416074e+02,1.007064818686889822e+02,9.835497498431952579e+01
9.847028284788721919e+01,1.003772980963514954e+02,1.005093801582420809e+02,1.000203746659025512e+02,1.007891536152590106e+02,9.966440698898971107e+01,1.012631691287903237e+02,1.002439493014536396e+02,9.970978092371660750e+01,1.002430144822369869e+02
9.953953065536090605e+01,1.008235924622492661e+02,9.898588888733918623e+01,9.982776977651030847e+01,1.000377079035642254e+02,1.015584492100759206e+02,1.002422418169995524e+02,1.011818284290828984e+02,1.004136783757328715e+02,9.924522905900764158e+01
9.889757553520892941e+01,9.872194452427891065e+01,1.003235410111720682e+02,9.908160643963169889e+01,9.807884369334429664e+01,9.815152793441610868e+01,9.940560470547038108e+01,1.002454546189542413e+02,1.000036845764824847e+02,9.869882359301124097e+01
1.003150784975943566e+02,9.977672251672265702e+01,1.004582041344561816e+02,9.924082101904512854e+01,9.951424304280408251e+01,1.017265539472978020e+02,1.007642413993637547e+02,1.023709457817065669e+02,9.859416979055464481e+01,1.007692925882715400e+02
1.008109964398683616e+02,9.856784369974752735e+01,9.945346062682027366e+01,1.005956104351710820e+02,1.011380888855421318e+02,9.951699045938802612e+01,1.008219831307020939e+02,9.820794615845518649e+01,9.942715570590380025e+01,1.012214032432068791e+02
1.007863428681443736e+02,1.015483904997014690e+02,9.877362233498794808e+01,9.999076226107756327e+01,1.003611209816004646e+02,9.900705615511014912e+01,9.853971316623812982e+01,9.960807294618588514e+01,1.020424336965776604e+02,9.980426242080454813e+01
9.935281651528107716e+01,1.002639971747750565e+02,1.008995787748475550e+02,1.003400036258025381e+02,1.012137878983311481e+02,1.015388260546786654e+02,9.798295939046570879e+01,1.004492806677544081e+02,1.011268216793370414e+02,1.004097324461650658e+02
1.006109947389833934e+02,1.007008293414272941e+02,9.866615465053453704e+01,9.912041233396089979e+01,9.991411575529514266e+01,9.856576231604749694e+01,1.012804772069195707e+02,1.007201027413611172e+02,9.972201003830596733e+01,9.865195856466117164e+01
9.996360659832943441e+01,1.005284584641116936e+02,9.934820610109076711e+01,9.772415350860414662e+01,1.013504126659682640e+02,9.814632434568571284e+01,1.009742195071309112e+02,1.015030645607825619e+02,1.005491088049965072e+02,1.019631882232526010e+02
9.863679914868926346e+01,9.949419575722829734e+01,9.896470104942839896e+01,1.003547138428695433e+02,9.977171766373670891e+01,1.011388448550494559e+02,9.902800591084101711e+01,1.003697807894574794e+02,9.944409932986795297e+01,9.992414635126441169e+01
1.015146502600844940e+02,9.920504156461768730e+01,1.006311978533827158e+02,9.864597019042589920e+01,9.878912736774262271e+01,9.991696073213000773e+01,1.003641564916678135e+02,9.965944238850551073e+01,1.013515003055615296e+02,1.002388947137740445e+02
1.000597878724579601e+02,9.919816778042273597e+01,1.003385346766747119e+02,1.004193318226353711e+02,9.960291531265498577e+01,9.906875001864484886e+01,9.972842570115160754e+01,9.953500748768036033e+01,9.972601361240882056e+01,1.005292432676072139e+02
9.926144945151223453e+01,1.013818180196862357e+02,1.001183781327085143e+02,1.007519525675091074e+02,9.994448583523681862e+01,9.888743254877554989e+01,1.003343197794297197e+02,9.977869035786235941e+01,9.999248825619908132e+01,1.018975537929152324e+02
9.955395773627846268e+01,9.907834624019253056e+01,9.900963056204227541e+01,1.004576465343887577e+02,9.933037000889437707e+01,1.004820853469166906e+02,9.960401235591908176e+01,1.003744334010996653e+02,9.912724490732043137e+01,1.005337885294613756e+02
1.002523214230841972e+02,1.005721889935594220e+02,1.002808489926700588e+02,1.002990110272981212e+02,1.006849804243573487e+02,9.861058932391397036e+01,9.983278409726356983e+01,9.993443716622981299e+01,9.993615312933161476e+01,1.006536626437451076e+02
1.012723597613217379e+02,9.956661636044296415e+01,9.992205720902222765e+01,1.001860890798510297e+02,9.932137770851728931e+01,1.015211538464467509e+02,9.866081632887579644e+01,9.916848410720157858e+01,1.001331701943829273e+02,9.865707670418628084e+01
1.022450190666798306e+02,1.007340210269473033e+02,9.967991720014585155e+01,9.804058983401841942e+01,1.003589882128425614e+02,1.019053464970665743e+02,1.007492033145493480e+02,9.830523884827316294e+01,1.003618562637938538e+02,9.993250124874865037e+01
9.831026007396715727e+01,1.003288248077709000e+02,9.972570387435527550e+01,9.776388593743126876e+01,9.976110913708889427e+01,1.020915446714469397e+02,1.009962952085069361e+02,1.006123803897340565e+02,1.002803754849918363e+02,1.006399447579137671e+02
1.012087587008579277e+02,9.955398255571374477e+01,1.003453553535853615e+02,9.882979726525667274e+01,9.991972713265695916e+01,1.014502140760791065e+02,9.906946349626120707e+01,1.014957263845298456e+02,1.007214633301627060e+02,9.946369130663319424e+01
9.993319999917828511e+01,1.004001067595143155e+02,1.004079810763048215e+02,9.973451055515256769e+01,1.004045133117379720e+02,9.839232212567246449e+01,9.896956297031881888e+01,9.940893316799920854e+01,1.009597167371659197e+02,1.012168455866800798e+02
9.833385125849326869e+01,9.889830203119885255e+01,1.000519436490989449e+02,1.006934228970222591e+02,1.011408269188867450e+02,9.993255742629700933e+01,9.900456965385127717e+01,1.005318171287207321e+02,1.014240234540862389e+02,9.802164033761486905e+01
1.008667245078821111e+02,9.761284830232982301e+01,1.013114031398441597e+02,1.019577711290510820e+02,1.000493285403895953e+02,1.010474916547795488e+02,9.821271924720477386e+01,1.011905439085126801e+02,1.003588314086840683e+02,9.916276234092330810e+01
1.002790003530551388e+02,9.953945824682858756e+01,1.000956274719235779e+02,1.019464610794791639e+02,1.003355291723634508e+02,1.007208106032976076e+02,9.989021594641295110e+01,1.000425598284956692e+02,1.010032843372659812e+02,9.943144277447404988e+01
1.009374242046459216e+02,1.004537068979648353e+02,1.010282648507846801e+02,1.007723137517097172e+02,1.001360772909575587e+02,9.897328757915097697e+01,9.972272833549624238e+01,1.007629564376739495e+02,1.003152490949751439e+02,9.962380075489186027e+01
1.009142194026261876e+02,1.017079876944453503e+02,9.953144740237937071e+01,9.971005163839579666e+01,9.850933495170036736e+01,1.014770338784654626e+02,1.007087976225777766e+02,1.015078784945657873e+02,1.011266215136464695e+02,9.956302122968993729e+01
1.009412029502675239e+02,1.010079502309515647e+02,1.000666192051169503e+02,9.932335214900597009e+01,9.870462057935064593e+01,1.011604252841018052e+02,1.011465245662623147e+02,9.938266582795625936e+01,1.015106380717681702e+02,1.002344172588572633e+02
1.001847648851143049e+02,9.865440210089019502e+01,9.838421187425315395e+01,1.010646240733229746e+02,9.947344409673274868e+01,1.001346863376104324e+02,9.883649789523538232e+01,9.871111336350431031e+01,1.012048993546565470e+02,9.878132840306828655e+01
1.002400367818931812e+02,9.948061085480034649e+01,1.004304515934387467e+02,1.008980201820041884e+02,9.965050193391120104e+01,1.003328433570208773e+02,1.009353877962307138e+02,1.009944616761543017e+02,1.008280326375135871e+02,9.849934623813199153e+01
1.017050449699093377e+02,1.002541723139070058e+02,1.007533962523469171e+02,9.994946181918417949e+01,9.868620035884329411e+01,9.925103019036129126e+01,9.968814858890468145e+01,1.005872152883107162e+02,1.003411273905287260e+02,9.992484394182554297e+01
9.793231802990017343e+01,9.974543741451121548e+01,9.982776344152873094e+01,1.000207182697800192e+02,9.938668740465908513e+01,1.005987499367888489e+02,9.784023164627862457e+01,9.919707106430389842e+01,1.006079778300653373e+02,9.952706640652888836e+01
1.014149563177760740e+02,1.000289507950473791e+02,1.001339095925457485e+02,1.009382246841402804e+02,1.019480435748133687e+02,9.966581412463004597e+01,1.008869683622028504e+02,1.015654267193068847e+02,9.915229503634635932e+01,9.964748225373703860e+01
1.018767591511541895e+02,9.972633341315111011e+01,9.999150885053076365e+01,9.789396142043239024e+01,1.008837855110581643e+02,1.002798253388185969e+02,1.008905936115587849e+02,9.979557702067454272e+01,1.017565950432398267e+02,1.002995737151341018e+02
9.828093666454300603e+01,9.926109379721820858e+01,1.013733857368189604e+02,1.012075887836514738e+02,9.935124812682097684e+01,1.006959376852366717e+02,9.922691732903297179e+01,1.012373446718898720e+02,9.983324677204291220e+01,9.941083396730482491e+01
9.972674305195887712e+01,1.006756236924969414e+02,1.000837713379583676e+02,1.001549604071950341e+02,1.006788362651289077e+02,1.006589830006035697e+02,9.915218738144496058e+01,1.006147599336369751e+02,9.991339175398007910e+01,1.013978118275030766e+02
9.879118436752466437e+01,9.894143569106155667e+01,1.019191053082937373e+02,1.017702029784484523e+02,1.010765512756682938e+02,1.024099412885315417e+02,9.988133481390796931e+01,9.979838288317027661e+01,9.895729889063711937e+01,9.969574781115269957e+01
1.005566288153188736e+02,9.920590046701579467e+01,9.980525613192521917e+01,9.947313766601442353e+01,1.009865818989683817e+02,1.001498156735998606e+02,9.893233597984574601e+01,9.967766118699472599e+01,9.904684658433426137e+01,9.910273680791947015e+01
9.824346321409701943e+01,1.006399121647551311e+02,1.007244955045351844e+02,9.967634631198504280e+01,9.820389106189689699e+01,1.009677898028574674e+02,9.933446106300552003e+01,1.005349384060720013e+02,9.955394206823140735e+01,1.013351345518378821e+02
1.011716435737803437e+02,9.918237760232916855e+01,1.006330761651376804e+02,9.922177308128794948e+01,1.006695336419140148e+02,1.006738178510809689e+02,1.000621186795080462e+02,9.824525959211452175e+01,9.984325655890297924e+01,9.883883902709554548e+01
1.008721873912696196e+02,1.003336590572484823e+02,9.933777955640134394e+01,1.005357481524119265e+02,9.780078713108234467e+01,9.973000229411036344e+01,9.984092696925763732e+01,9.744481040557471374e+01,1.001645930943404323e+02,9.902271717343656121e+01
9.840281217219531129e+01,9.877466395881573646e+01,1.013417084201596197e+02,9.931301613295980246e+01,1.003169479717088421e+02,9.917547241844295058e+01,1.007361612028832667e+02,1.001561624655746243e+02,1.015363505358683227e+02,9.908864030489924346e+01
1.000805876198272557e+02,9.938898010313106113e+01,1.001181825463260679e+02,1.015997226262323636e+02,1.001876615634962207e+02,1.007541003017922634e+02,9.957110902696129529e+01,9.941232837123125421e+01,1.016357261848553293e+02,9.993017937397193862e+01
1.006600149056894793e+02,9.979120832194718105e+01,1.004946480714562824e+02,1.000131205396119185e+02,9.937003958952102778e+01,9.953940752884830090e+01,1.003060307742792787e+02,9.985403619789759944e+01,9.932723452413208065e+01,9.930716675738359811e+01
1.011013850177862423e+02,9.975050859011302862e+01,1.011829420598069333e+02,9.995624198405387517e+01,1.008166049606765995e+02,1.009678444209624075e+02,1.004267530527837948e+02,9.947950327482526234e+01,9.997600485088018729e+01,9.831133237869066477e+01
1.002949661743940055e+02,9.872999569134799458e+01,9.855465559692402167e+01,1.014977958590282014e+02,9.933229902751179452e+01,1.012152691454070634e+02,1.005838141323080777e+02,9.912836759489127303e+01,1.013795588203858244e+02,1.002704219936518513e+02
1.009022418932173224e+02,1.007757040541412294e+02,1.006990088096175953e+02,1.019014475106772863e+02,9.995516542286884487e+01,9.985956592743359295e+01,1.000983816410010121e+02,9.877073947004630838e+01,1.003942072742046037e+02,9.946456953348437935e+01
9.938148649081668395e+01,1.009917963353512960e+02,1.010680834365131489e+02,1.002069857332014919e+02,1.002105025940693821e+02,1.006794172327606276e+02,9.995775477388355057e+01,9.975957784358820390e+01,9.994456770954060687e+01,1.018528395707077436e+02
1.004009297697551943e+02,9.982213496178547985e+01,1.000314418807020331e+02,9.984399624779156568e+01,9.964968882558204655e+01,1.004893913202885329e+02,1.004774230863489493e+02,9.938789923712052143e+01,9.987466645191420866e+01,1.021090435574505335e+02
9.972558465934119454e+01,1.029998960406889523e+02,9.782619371062517644e+01,9.984613247177635742e+01,9.991693623702352056e+01,9.967058745839075584e+01,9.980309277766399134e+01,9.885139507069732190e+01,1.008307832880152972e+02,1.014580472971913849e+02
9.852084040004383780e+01,1.006993704317173979e+02,1.013703637157430109e+02,9.980978411496273850e+01,1.016470506552211930e+02,9.930034142462923796e+01,9.956432029348489721e+01,9.925624889732044664e+01,9.990625248873566022e+01,9.878590300793794654e+01
-1.008060831874176984e+02,-1.018725327144698412e+02,-9.992667840696708481e+01,-9.837614686274488918e+01,-1.007113559713184969e+02,-1.010763235785704097e+02,-1.009937043415532969e+02,-1.013837444753426951e+02,-9.929804176881225430e+01,-9.956959092271159761e+01
-1.013481837933750001e+02,-9.864103584400456270e+01,-9.984483612132042651e+01,-9.909810351225982572e+01,-1.004487228110411223e+02,-1.003732508657965923e+02,-1.005336083904763171e+02,-9.925403113866866533e+01,-1.013057283079029247e+02,-1.019129298459664312e+02
-9.875532328837614671e+01,-1.016593905912657192e+02,-9.813346109724665212e+01,-9.995138989257642947e+01,-1.007055476914243002e+02,-1.003965127827664787e+02,-9.901782360246700421e+01,-1.002885945817872937e+02,-9.972008873055743550e+01,-9.810172628644397719e+01
-1.014702478787516355e+02,-1.003901270879633216e+02,-1.001836768323183833e+02,-9.981650421122934347e+01,-9.942059884448374874e+01,-1.000602006160281405e+02,-9.936638252850598008e+01,-1.009343500162971736e+02,-1.020671414800703332e+02,-9.758225312818703401e+01
-9.908068964282685442e+01,-1.013685532790875499e+02,-9.795646845730188090e+01,-1.016999793124320490e+02,-1.004194327977943431e+02,-9.916707260981196725e+01,-1.011398317936014450e+02,-1.015208759253857238e+02,-9.923067288443520795e+01,-9.958794993984693633e+01
-9.925478945600076486e+01,-1.001241171890219164e+02,-1.009617181583366801e+02,-9.984518960013959088e+01,-1.000916028761392766e+02,-1.003060502526222422e+02,-9.991136623774139025e+01,-1.013352547999160578e+02,-9.835870622203123048e+01,-9.875086023994224149e+01
-1.003523645735376419e+02,-1.021069293184598905e+02,-1.001031056586572987e+02,-9.910928920449394752e+01,-1.018168537618879412e+02,-9.994982720982827118e+01,-1.002133539005265135e+02,-1.003971395941137956e+02,-9.961928268265826603e+01,-1.004666630934401894e+02
-9.938826500865793889e+01,-1.001101408126942829e+02,-9.971114437767293737e+01,-9.867469625088953933e+01,-1.005581744566941467e+02,-1.003537392916534543e+02,-9.945327427275998389e+01,-1.008513876416232478e+02,-9.981808611126648145e+01,-1.012250403294679586e+02
-1.019592035590121100e+02,-9.990473885316039571e+01,-9.896246624207884679e+01,-9.967654541502497523e+01,-1.004807657265487819e+02,-1.007396933238680248e+02,-1.001363990551008385e+02,-1.023063361646753435e+02,-9.928627771169519178e+01,-9.860571244590259710e+01
-9.963135691173559394e+01,-1.001431734731781233e+02,-1.000174458332029985e+02,-9.944295555012020316e+01,-1.000018676228806527e+02,-1.006420687187048202e+02,-9.893304999290828050e+01,-9.960297121563381495e+01,-1.013421692532786693e+02,-9.975803599447407066e+01
-1.015734436847779136e+02,-1.015907477011961362e+02,-1.000658571057294211e+02,-1.011400320404752335e+02,-1.008179772910597194e+02,-9.950082555956051067e+01,-1.010925060740965051e+02,-9.972025969653167010e+01,-1.005202814310523820e+02,-9.945709970035657932e+01
-9.948150480041331889e+01,-9.939852455871042025e+01,-1.004968593125381346e+02,-1.000006673409198044e+02,-1.008618418723704053e+02,-1.017068161322519160e+02,-1.010238178903561987e+02,-9.965437331473955851e+01,-1.000374735847929486e+02,-1.010372357351750168e+02
-1.010052920858916821e+02,-1.005772775843857687e+02,-1.005827655143990000e+02,-9.910742744227322021e+01,-9.965234072608608074e+01,-9.779410564185617716e+01,-1.027927053458003002e+02,-1.009425203258794141e+02,-1.017190319058965002e+02,-9.951737759681174111e+01
-9.873416417424901681e+01,-9.809048939413409585e+01,-1.018199827795660894e+02,-1.006670902439618658e+02,-9.984210274561777965e+01,-9.914150495791892581e+01,-9.926489017181293661e+01,-9.906107938942832902e+01,-1.001702570884392287e+02,-1.007992004911216242e+02
-9.911569486578893873e+01,-1.001822761001761961e+02,-9.991624853237904347e+01,-9.895748435715078983e+01,-9.971181040035402532e+01,-9.937104694693033480e+01,-9.932459488304512263e+01,-1.004886542605953252e+02,-9.795561571970920056e+01,-9.931267519384036291e+01
-9.963774799538030891e+01,-9.830331894577214769e+01,-9.874572076654291664e+01,-9.954435492946676334e+01,-1.006394677513873859e+02,-9.923227753309937782e+01,-1.015734461560309967e+02,-1.001268146805448964e+02,-1.002166860408600968e+02,-1.008358631966838175e+02
-9.963278093980061101e+01,-9.769776074630155449e+01,-1.015685038755312064e+02,-9.936968267893097106e+01,-9.966776446640876941e+01,-1.003232438536970506e+02,-1.010185299279653037e+02,-9.992202003480497297e+01,-9.860351062954524082e+01,-1.003742993246081738e+02
-1.002457278065876238e+02,-1.006461666685540308e+02,-1.008486798308457821e+02,-9.799704841738557093e+01,-1.002977888264481692e+02,-9.938466782339149574e+01,-9.966246132668820223e+01,-1.005692230986039704e+02,-9.968000693997896633e+01,-9.965936593375766961e+01
-1.014367208911817073e+02,-1.002486153665752937e+02,-1.007741967711337026e+02,-9.906839425880498595e+01,-1.004723657920889792e+02,-1.005644853893383441e+02,-9.857247405355623471e+01,-1.005483828030409370e+02,-1.010495865335219889e+02,-9.949927844785366915e+01
-1.005819240172234146e+02,-1.006444788791830263e+02,-1.011100292812343469e+02,-1.014521411477829531e+02,-1.002098394215425117e+02,-1.008862875031697399e+02,-1.003421421322485685e+02,-1.007029876996074762e+02,-9.992993838214894708e+01,-9.984738693187861713e+01
-1.021742292690785234e+02,-1.027624892800833294e+02,-1.027860668674252906e+02,-1.006645680371205174e+02,-9.951312035108580289e+01,-1.000617570272301720e+02,-1.014953276099201531e+02,-9.968469529394673145e+01,-1.010318682086473387e+02,-9.872150742241223043e+01
-9.814770764791626334e+01,-1.004199998957613502e+02,-1.018482822880145449e+02,-1.004061692891190916e+02,-9.954135663568500547e+01,-9.978892733778106106e+01,-1.008555402516821999e+02,-9.982191573512979232e+01,-9.983385051997596804e+01,-9.828985094843329762e+01
-9.822246717270694205e+01,-9.775866045104122293e+01,-1.009099321547661816e+02,-1.006977407073226658e+02,-1.006710662241237770e+02,-1.006377169328985985e+02,-1.012483850834146182e+02,-9.943370974338030521e+01,-1.003777130045094736e+02,-9.911548114309769630e+01
-1.002157332495561519e+02,-9.973777623953698424e+01,-9.982279479131830158e+01,-9.959585263588927262e+01,-1.008001476142602542e+02,-1.008407327966236835e+02,-1.000669608921362084e+02,-9.988375303433305419e+01,-1.017497820708146037e+02,-9.914983189977884592e+01
-1.009099418805332675e+02,-1.004600836195954656e+02,-9.936963620408765507e+01,-9.971449993019759006e+01,-9.985211086375005607e+01,-1.006784304755901474e+02,-1.004732193726532188e+02,-9.919915174688209447e+01,-9.935143513844838026e+01,-1.003142886814643191e+02
-9.919922237277383203e+01,-9.867134268312911161e+01,-1.008805644945925337e+02,-1.014925537456047095e+02,-1.010731003050182579e+02,-9.994546630715487368e+01,-9.973372122034555787e+01,-9.994996785327708722e+01,-9.968940176708959200e+01,-1.001346884972442410e+02
-9.954237102491305222e+01,-1.005621180417671354e+02,-1.011932168982418716e+02,-9.972101223845967866e+01,-9.983851097343134029e+01,-1.000974675390089459e+02,-1.001777244955238189e+02,-9.864360021033270698e+01,-9.935047606415038501e+01,-9.948934281389870193e+01
-1.008627182111310958e+02,-1.009073344322376187e+02,-1.025028927089129098e+02,-1.009727960239086286e+02,-1.008014681856889609e+02,-1.011453294187044776e+02,-1.014600959694338655e+02,-1.003705637677496298e+02,-9.934916701142974205e+01,-1.013898066116864101e+02
-1.001789782056335838e+02,-9.827555362863499511e+01,-9.960107076561982353e+01,-1.009739778276076834e+02,-9.999815638579428878e+01,-9.947375149191900334e+01,-1.024080798340807377e+02,-1.022456923110248113e+02,-1.002824575681085975e+02,-1.002667193876102658e+02
-9.960848252019847848e+01,-1.010271548735449585e+02,-9.987973788345733794e+01,-9.949704705796166593e+01,-1.000811740602092783e+02,-1.003025332552564066e+02,-9.866076213355557911e+01,-9.891538166567957546e+01,-9.976664701510567568e+01,-1.003586405310223739e+02
-9.885204956759980632e+01,-9.806291391436904803e+01,-1.006583949658135566e+02,-9.990320681593625807e+01,-1.001554754365192679e+02,-1.001299359714260078e+02,-9.782939106031564336e+01,-1.001160791452732468e+02,-1.001099299467853569e+02,-1.014697821008525835e+02
-9.964441070918593368e+01,-9.814026137602043320e+01,-1.018933012073159006e+02,-1.003850037482803543e+02,-9.848625177474268355e+01,-9.953487449246748042e+01,-9.993939062970301279e+01,-9.867920502050542098e+01,-1.001310099509612570e+02,-9.936842004667155948e+01
-1.001649632082999091e+02,-9.962397952189756722e+01,-9.923924139658771537e+01,-1.003341724356855309e+02,-9.924868076240959169e+01,-1.010365886744863531e+02,-1.008707631451749620e+02,-9.939366947021657950e+01,-1.004246386054708609e+02,-1.012006346389559326e+02
-9.984255064171010474e+01,-1.004329375180985267e+02,-1.016569848315957358e+02,-9.869779540820012187e+01,-9.829112074157544043e+01,-1.013157325978041854e+02,-1.009390953856856896e+02,-1.013942364330990813e+02,-1.009335611745119934e+02,-1.000439384274565384e+02
-1.006308127997070443e+02,-9.848362924324698042e+01,-1.006835603300750677e+02,-1.000202691327630617e+02,-9.959402861099128756e+01,-1.012423380447419987e+02,-9.962174607329353648e+01,-1.006729487552940014e+02,-1.003971536415368178e+02,-9.971602389001628808e+01
-1.016542957498451045e+02,-9.923602650163007866e+01,-9.886875293694582467e+01,-1.010445689851839006e+02,-1.007067447876815436e+02,-1.001514056245017059e+02,-1.000403130217635379e+02,-1.001428422096084461e+02,-1.005355498427395560e+02,-1.005081528191764448e+02
-1.001693291674501864e+02,-1.007069046840657478e+02,-1.000685749465421281e+02,-1.009717711258035422e+02,-9.779281743741285027e+01,-1.006345953837200966e+02,-9.902084282382222113e+01,-1.015190938504965885e+02,-9.883783398005897425e+01,-9.998369175950131194e+01
-1.000849127507969740e+02,-1.002211595067245753e+02,-9.932330976029766134e+01,-1.014714033154175183e+02,-1.024138555632380871e+02,-9.898750433573638929e+01,-1.004291254307665042e+02,-9.918660660773133486e+01,-1.015700293677063684e+02,-9.907246596543663486e+01
-1.000387757632003058e+02,-1.005357130371468060e+02,-9.753762989304571818e+01,-9.951939133287397965e+01,-9.985711105950460365e+01,-1.004591689889514043e+02,-1.001729057566830505e+02,-1.013220687062701870e+02,-1.002122023115913549e+02,-9.831236387684423050e+01
-9.887653960105203055e+01,-1.012573062741757184e+02,-1.011280194472388700e+02,-1.007587527123121873e+02,-9.904933925745150702e+01,-9.800300559752069773e+01,-1.000426112379388144e+02,-9.982404587091936321e+01,-1.003661373085995052e+02,-9.857176679758958926e+01
-9.837499810634000141e+01,-9.896983293685806871e+01,-1.005594790150721280e+02,-1.004730353722418243e+02,-1.017103939372040315e+02,-1.007454130272574560e+02,-9.967440351768189544e+01,-9.970299213532560145e+01,-9.917050091148351498e+01,-9.997286344653214485e+01
-9.999796620917177847e+01,-9.975726029348167856e+01,-9.987534011183039695e+01,-1.002498221056619059e+02,-1.010175607381964227e+02,-1.015374043070319630e+02,-9.940780846167814389e+01,-9.892940725194159768e+01,-1.012243286347992495e+02,-1.005334885618643739e+02
-9.948658528875371587e+01,-1.013340115485071493e+02,-9.973399729614727960e+01,-9.841968318846666364e+01,-1.000983915785755016e+02,-1.003203369222424897e+02,-9.874247787236440388e+01,-9.913316522141676046e+01,-9.928958295131801037e+01,-9.949220672549444089e+01
-9.721516502838031215e+01,-9.767582948363815376e+01,-9.916823352997658958e+01,-1.005692207112162180e+02,-9.970180039363258118e+01,-1.005298951142506638e+02,-1.024062688210747467e+02,-9.952192939823430606e+01,-1.007911320775830148e+02,-9.923681789470560943e+01
-1.003869826096848072e+02,-9.874915813257328523e+01,-9.889741222875679227e+01,-9.902480324351240881e+01,-9.891817129153105270e+01,-9.847155222346172820e+01,-9.896963623342601579e+01,-9.949539218882546265e+01,-1.010201447818880922e+02,-1.005377319715552460e+02
-1.002174398997925806e+02,-1.024501410513041719e+02,-9.974308698766024861e+01,-9.877035630039699754e+01,-9.988372291085509858e+01,-1.019227528796516822e+02,-1.008423323946488637e+02,-1.007857822363480693e+02,-9.926149248099106615e+01,-9.913697371184407814e+01
-1.002794360091073287e+02,-9.968054135823609840e+01,-9.923866010693818396e+01,-9.912288125022983820e+01,-9.791403654129936740e+01,-1.002243157767937873e+02,-1.008299267098133498e+02,-9.799900153740478004e+01,-9.889622389070780173e+01,-9.929172108320071288e+01
-1.013164069557086151e+02,-9.993410022585867125e+01,-9.967264590837507399e+01,-9.959666063790864143e+01,-1.010993728210773526e+02,-9.932534797023429007e+01,-9.946526011887068819e+01,-1.018066511488224961e+02,-9.957223433740445273e+01,-1.005160384916197955e+02
-9.845009042167411906e+01,-9.912339576299493160e+01,-9.916740273692049357e+01,-1.015786932283806010e+02,-9.952096957093864660e+01,-1.002804399089124843e+02,-1.006260301241318587e+02,-9.960935426676103077e+01,-1.003770744805703714e+02,-1.005591784714828378e+02
-9.916757654746866990e+01,-9.973628961976508833e+01,-9.990122686720199852e+01,-1.021347545786740199e+02,-1.014422911201233006e+02,-9.974547864550534371e+01,-9.892464539188848960e+01,-1.002122615841779094e+02,-1.013397763462824344e+02,-1.003725745225720516e+02
-9.992450984816929349e+01,-1.000342411290597369e+02,-9.946012022516063666e+01,-9.913246997228903012e+01,-1.004286221968318529e+02,-9.796920104772202365e+01,-1.010651146912840801e+02,-9.878327780962356996e+01,-1.012483633758857167e+02,-9.921357139721447993e+01
-9.896389990961698402e+01,-1.006613365626288186e+02,-9.993804694905801966e+01,-1.010337208874888972e+02,-1.006026853115143780e+02,-1.006151323481552566e+02,-9.944752084878884091e+01,-9.974397057929056132e+01,-1.000162387876366523e+02,-9.930537731360490739e+01
-9.898076784753941126e+01,-1.002656185500778037e+02,-9.899697376227966572e+01,-1.013174729949443957e+02,-1.003163295182632595e+02,-9.828856841673362510e+01,-1.006232313048178924e+02,-9.913447419837285679e+01,-1.005753972792061717e+02,-1.000780635498302331e+02
-9.892630373252981713e+01,-1.003196590395012606e+02,-9.877392768181232441e+01,-9.864413045298270788e+01,-1.003464109456199793e+02,-9.977654719775054559e+01,-9.885247000400752881e+01,-9.952086161048013935e+01,-9.986112078122413038e+01,-1.004410284376572235e+02
-1.005442281657582555e+02,-1.015388578285837582e+02,-9.998406936626699348e+01,-9.913571823963692964e+01,-9.985676571982422445e+01,-9.954032324959234757e+01,-9.982065364179527478e+01,-1.004453971820588265e+02,-9.804557422687906865e+01,-9.976623369665702512e+01
-1.007939962589319833e+02,-1.025189994461001959e+02,-1.009212653941610824e+02,-1.001882380468864255e+02,-9.992118168718266702e+01,-9.913820671632370818e+01,-9.985540827422266830e+01,-9.846524650656495226e+01,-9.930067638159151500e+01,-9.951107743357603397e+01
-9.902074825772946554e+01,-9.939453584746925685e+01,-1.003827566843835228e+02,-9.890389273999821285e+01,-9.933743937303412963e+01,-1.002268400030175428e+02,-9.957439397056847952e+01,-9.796586234023524753e+01,-1.008052134959760622e+02,-1.009655204097539780e+02
-9.927622131942108297e+01,-9.943986928084930810e+01,-1.004083565908101860e+02,-9.880205895330105648e+01,-9.827184931131310464e+01,-1.006962142673593803e+02,-9.970225198622706841e+01,-9.988237048962078291e+01,-1.000621602204742260e+02,-1.003718211172385537e+02
-1.003892080820678387e+02,-9.878768628614179192e+01,-9.965391411911321029e+01,-9.974123834475636841e+01,-1.011928680471135493e+02,-9.970866959522231809e+01,-1.011608007716188382e+02,-9.930167415969481226e+01,-9.890333299099802389e+01,-9.961336920211735446e+01
-1.000876308255336369e+02,-1.000273954132396597e+02,-9.809197538729549137e+01,-1.004194304212984150e+02,-9.963231301428814390e+01,-1.013671405316619172e+02,-1.017257533830033367e+02,-9.958925181036451590e+01,-9.819893671298804350e+01,-9.883454782206199241e+01
-9.832202002386041784e+01,-1.007773476706396707e+02,-9.882697719786197865e+01,-9.815300155025587969e+01,-1.019352960748676651e+02,-1.005609232665319865e+02,-1.003869880064238771e+02,-9.978045059343516243e+01,-9.992734290295977928e+01,-1.000310138225247982e+02
-1.008596678356723970e+02,-9.965122472538718057e+01,-9.957828739499930748e+01,-9.930537589176870483e+01,-9.941794686072761067e+01,-9.747675144516526302e+01,-9.850018646285224122e+01,-9.773106146918691195e+01,-9.988697666028407696e+01,-9.878624907781853892e+01
-1.004893669705774641e+02,-9.953960701595866567e+01,-1.010813427028100620e+02,-1.009310501931691704e+02,-9.939578983959293623e+01,-9.933541968676134104e+01,-9.911331443952640541e+01,-9.843181890026170322e+01,-1.003517419816484306e+02,-1.002795933779486433e+02
-9.939469121829088749e+01,-9.973625757309085316e+01,-9.993214922219115692e+01,-1.009957959026934873e+02,-9.980200706326439786e+01,-1.003156235621821537e+02,-1.003702667503763735e+02,-9.928106349014854004e+01,-9.789925883876929902e+01,-1.017382928098909218e+02
-9.966719852728455464e+01,-9.982516538419726260e+01,-9.983327991421239744e+01,-9.893861774724318536e+01,-9.958472974058908278e+01,-1.014880788173442312e+02,-9.877727490905347452e+01,-1.018527822294985583e+02,-1.011524047118641931e+02,-9.969612781045061922e+01
-9.890722627669130418e+01,-1.010666115950664619e+02,-9.941977728277522885e+01,-9.991841498137496558e+01,-9.940361083882538651e+01,-1.000376192323365245e+02,-9.902210661913845513e+01,-9.995099077245025398e+01,-1.007775473147951288e+02,-1.000481529080960428e+02
-1.015208064642248189e+02,-1.012728280506812126e+02,-9.832382427986969731e+01,-9.857474796463920086e+01,-1.009992370222238947e+02,-1.001395481671836762e+02,-9.978885285425108975e+01,-9.835585476249393366e+01,-1.008887103164758940e+02,-9.806706594984031256e+01
-1.003815302559986264e+02,-1.002616679479018984e+02,-9.786747455323704514e+01,-9.941938510238922788e+01,-1.006370359163512660e+02,-9.928766455737016372e+01,-9.912901165058109143e+01,-9.907314728897981126e+01,-1.022267538872705472e+02,-1.002324544075359540e+02
-9.998021271087119999e+01,-9.941761103563507618e+01,-9.913236168438542961e+01,-1.008217145714886271e+02,-9.924999617100027649e+01,-9.902500993020298381e+01,-1.018968237004768440e+02,-1.006417977965638642e+02,-1.012894226816167986e+02,-9.983265327450388327e+01
-1.008004683073402816e+02,-9.967137000954006965e+01,-1.017870739987447166e+02,-9.867205008408815559e+01,-9.850850220937824986e+01,-9.920234520749075102e+01,-9.928137056534990279e+01,-1.001866395467983608e+02,-9.929551360668247639e+01,-1.005191728541504688e+02
-1.011707193920046706e+02,-9.909457027723432532e+01,-9.988186919481168502e+01,-1.004296803042890787e+02,-1.009612834166646564e+02,-1.014857539487960736e+02,-1.014874537889884181e+02,-9.911061525197717970e+01,-9.920765033327175786e+01,-9.917490633107712483e+01
-1.009294425670593540e+02,-9.765794338339786407e+01,-9.972161179775977757e+01,-9.931188937359782187e+01,-9.946317916227144451e+01,-1.004973951206927865e+02,-1.007914214796512482e+02,-1.011959211060671748e+02,-1.001264579507369490e+02,-9.984228416524570093e+01
-9.755885925484835752e+01,-9.905221493277895206e+01,-1.008106654299955949e+02,-9.906715359901753004e+01,-1.009808474838017958e+02,-1.005381227291635327e+02,-9.890764136895469960e+01,-1.008189556931255595e+02,-9.934477443716832568e+01,-1.007537355611850671e+02
-1.006874573874326728e+02,-9.811387632156406369e+01,-1.000249991318068226e+02,-9.982735103127494369e+01,-1.006030989146952237e+02,-1.000217129975917913e+02,-9.798841809195387498e+01,-9.925580020015854643e+01,-9.971000747376842810e+01,-1.002426117703102051e+02
-9.977729400607820764e+01,-9.810819429986047169e+01,-1.004059863703051576e+02,-9.854704629372216118e+01,-1.002303223079316581e+02,-9.932376098727789326e+01,-1.000982338007466268e+02,-9.811809535685955552e+01,-1.005748788733068295e+02,-9.970725003473440040e+01
-1.008226404178678024e+02,-9.895231960615467415e+01,-9.947908904685422726e+01,-1.007929691933565550e+02,-1.000985736868728395e+02,-1.004750989214554693e+02,-9.943761201369217417e+01,-9.951060367023306696e+01,-1.008733746790058348e+02,-1.000553961425314782e+02
-9.885364690357128836e+01,-9.984452117837440710e+01,-9.995025463752556050e+01,-1.005161131361555533e+02,-9.959142448150426219e+01,-1.009191722344831845e+02,-1.002492330482227203e+02,-1.005802913814363393e+02,-1.011121084839967494e+02,-1.007900043969677029e+02
-1.007901995694279123e+02,-1.016311334572037026e+02,-9.753044950377724831e+01,-1.000634146237163975e+02,-1.005381411086400902e+02,-9.967307863389878264e+01,-1.005277805104157949e+02,-1.003388746422284186e+02,-1.003395006837804004e+02,-9.876212858296466379e+01
-1.011026460288965581e+02,-1.007657289725025009e+02,-1.002002260419707369e+02,-9.847020624021008928e+01,-1.007414647199737772e+02,-1.008729965014707801e+02,-1.024619987598162680e+02,-1.000295478264312123e+02,-1.002691135805189901e+02,-9.908540421940877252e+01
-1.003143827139350321e+02,-9.927871968368620514e+01,-1.003518932557180392e+02,-9.790243138010549728e+01,-1.004918324349211218e+02,-1.006436269182319876e+02,-1.008188820439294915e+02,-1.000829072972708360e+02,-9.953655202682419656e+01,-9.981060777697052799e+01
-1.024255218653050434e+02,-9.890618429183228955e+01,-9.807148488795183994e+01,-1.007387074796496478e+02,-9.809335305354703394e+01,-9.893725560052958201e+01,-9.976258338059641062e+01,-1.003778789875848787e+02,-1.000230089311842363e+02,-1.016491277831562599e+02
-1.002975412669022859e+02,-9.964641685106636260e+01,-9.923068030856278199e+01,-1.001835021886346766e+02,-1.009810422716021208e+02,-9.976870788261095413e+01,-9.849016601477433142e+01,-9.882081166352870127e+01,-9.925035760646618144e+01,-1.007841967934640337e+02
-9.970665412920521931e+01,-1.004606459919642134e+02,-1.016767043498017244e+02,-1.000879709098376651e+02,-9.816583710371725147e+01,-9.897093869846204939e+01,-1.007553141245539337e+02,-1.017774333353315797e+02,-1.000145094222790902e+02,-1.005544403941150051e+02
-9.900180127588959067e+01,-9.867368963088084399e+01,-1.002848722767957383e+02,-1.007959450805979031e+02,-1.006154038123237768e+02,-1.007615469830563057e+02,-9.867755310065737717e+01,-1.017442845682235628e+02,-1.000801864754132708e+02,-9.864307945645222730e+01
-9.843731897181639567e+01,-9.910823092551474645e+01,-1.013170685403180613e+02,-9.889951898446052780e+01,-9.855826830519761472e+01,-9.944486334308300002e+01,-1.008376379282331641e+02,-1.010252732258451545e+02,-1.002242378379960002e+02,-9.970002705113564900e+01
-1.010337248572978410e+02,-1.002761390320865473e+02,-9.875661389405394175e+01,-1.005006028771615547e+02,-1.006266079009447196e+02,-1.005064407246963896e+02,-1.005244991001562056e+02,-9.900811540511932662e+01,-1.014437876408042598e+02,-9.828833793058386448e+01
-9.828892997142551735e+01,-1.004957654574452022e+02,-9.841049207040109081e+01,-1.003355976256385418e+02,-9.976062445373086973e+01,-9.945422145305767003e+01,-1.011684119099412129e+02,-1.009522699200481384e+02,-1.011522580398366813e+02,-1.007306527683016242e+02
-9.746180284293123464e+01,-9.818130727994100937e+01,-9.995470912059055024e+01,-1.010757505495591602e+02,-9.941801300439490774e+01,-1.019263221496547374e+02,-1.002848539092710070e+02,-9.805826766306269349e+01,-9.972704795967155178e+01,-9.954781778726770369e+01
-1.007152899097586243e+02,-1.016616015601187826e+02,-9.907878358668318697e+01,-1.014632038388502480e+02,-9.978031499336161403e+01,-9.963275749956750360e+01,-9.813490899487590013e+01,-9.991903076419220042e+01,-1.009183595307505783e+02,-9.896969369942861761e+01
-9.914809169487176632e+01,-9.904073220774203890e+01,-1.010876715577235672e+02,-9.816897000361859682e+01,-1.006796196666949612e+02,-9.857170070896381731e+01,-1.007558133277328949e+02,-1.000458868198547862e+02,-1.015808889197562763e+02,-1.016457495912731872e+02
-9.921020539609260425e+01,-1.011939706660553355e+02,-9.954481044392358058e+01,-9.979037681526010317e+01,-1.007100553774592555e+02,-9.964874922656740353e+01,-1.012441102577446657e+02,-1.001605065537541606e+02,-9.912604659274619223e+01,-1.003281099132086354e+02
-1.020538611901482966e+02,-1.012188930292604283e+02,-9.902273546067544885e+01,-1.005061224121343741e+02,-9.964294021967792503e+01,-9.995346363613840879e+01,-1.009653752287162405e+02,-9.772614969823244735e+01,-1.007026865459378939e+02,-1.014502354556902048e+02
-1.017636201270575924e+02,-1.003423041966220239e+02,-1.001279234403242242e+02,-1.014879613459275731e+02,-9.966282674337834635e+01,-1.003783034326429089e+02,-9.867547150706909065e+01,-1.012995387971469370e+02,-9.953706566450509285e+01,-1.005994320396735304e+02
-9.887761575326487673e+01,-1.011748105900610710e+02,-1.001536083932801233e+02,-1.001185315882391649e+02,-1.001891016572954527e+02,-1.002397612106521336e+02,-9.924526808743480899e+01,-1.007723051744701053e+02,-9.872616859597944483e+01,-9.960132180817169001e+01
-9.973272850859250127e+01,-9.991122723002287387e+01,-9.967207256577199814e+01,-9.845871301638159423e+01,-9.877034130633397524e+01,-1.006110380502585286e+02,-1.014756767283271301e+02,-1.028656465325695706e+02,-9.959488991347454601e+01,-1.007246207914994756e+02
-1.005044157339291644e+02,-9.778591576642051564e+01,-1.021697115476900422e+02,-1.008933199666119265e+02,-9.868455100511394562e+01,-9.940694505261946290e+01,-1.008639316302014919e+02,-9.947917734764618558e+01,-9.995403729775270563e+01,-1.009711054185961103e+02
-9.903278703131800853e+01,-1.002730332839801548e+02,-1.006618090406946919e+02,-9.968940591352131264e+01,-1.003295892804097491e+02,-1.001539577208498031e+02,-1.003857336189925746e+02,-1.013561193733999346e+02,-9.973132431694303079e+01,-1.000577703381168391e+02
-1.002531520701382419e+02,-1.006388445413435733e+02,-1.000741519665592705e+02,-9.913779404320993649e+01,-1.006399027452772259e+02,-1.003449547402674682e+02,-1.014663013273399343e+02,-9.980173968517848948e+01,-9.938613004790906302e+01,-1.023750768502328725e+02
-9.899746984898629876e+01,-9.990084961866988067e+01,-9.957197645127487817e+01,-9.869059913217115820e+01,-9.859313229815946045e+01,-1.011082369534663314e+02,-9.996251379741994469e+01,-1.008924112507861679e+02,-1.000850149136627607e+02,-9.954972942008487280e+01
-9.850537317799114589e+01,-9.908600644681298775e+01,-9.948168789633911047e+01,-1.000707669425768245e+02,-1.019923479851998849e+02,-1.011532659375032495e+02,-9.846603405476287207e+01,-1.003662917683020339e+02,-1.000305249980031306e+02,-9.972093992276886354e+01
-2.074953853848902074e+00,4.070159879451924478e-01,1.653180057223605504e+00,-2.004487024976134846e-01,1.840035875628518003e+00,1.644597687628273075e+00,9.198949942538863223e-01,4.581091684703087474e-01,1.914390123481621298e-01,-1.323350622224714890e-01
1.426962259177201986e+00,-8.998594424202407405e-01,8.693703552562153103e-01,-1.034565074713967719e-01,-5.311459003393282918e-01,1.246903401146436607e+00,-5.808958355661691941e-01,1.366304123467403153e+00,-2.756701431077007158e-01,-1.180146464968320430e+00
-2.980552339873189516e-03,3.518103616283743684e-01,9.343486567230105955e-01,-2.052327081348547466e+00,1.922834544109148336e+00,1.175128998679473957e+00,2.351875826501409195e-01,-1.698403036639403452e-01,-6.893122231246583409e-01,-1.167019109024592799e-01
2.443780889754254559e-01,6.347525227465584674e-01,-4.257950800380622125e-02,9.688547556787129311e-01,3.517971934880906315e-02,4.508804429279329729e-02,1.122774208250790551e+00,2.399205696734269255e-01,-4.712944610392666989e-01,1.106768722079104927e+00
8.446858169452768905e-01,6.026891398020687296e-01,1.040978508428164639e+00,1.526127644553398610e-01,9.287666735155970521e-01,-6.645052708055833035e-01,2.231293787510454152e+00,-1.413153314222694412e+00,7.825655033718581510e-01,-3.189170215993434865e-01
8.465532987556132483e-01,4.345384947073741705e-02,1.842307986085858440e+00,1.549272663594999377e-01,9.216748456867761563e-01,-7.704031374560896817e-01,1.871461001017780568e+00,8.692082987404998740e-01,-6.510063569026500740e-01,1.225525506309473212e+00
8.304612570184286557e-01,7.523062095477512923e-01,-4.041092813128611266e-02,2.036460747409275740e+00,2.614964819532328844e-01,4.361599202463319336e-01,1.998491522152548716e-01,7.588559411807361821e-01,2.505662569087892533e-01,-2.648022450288370355e-01
1.206264466825074377e+00,-3.886683665089638723e-02,-3.455404950131000241e-01,2.501480870918756150e+00,-2.560490767534058243e-01,1.134316326845820733e+00,-2.308207270318426207e+00,-9.892561109574839195e-02,9.875348829018650021e-02,2.781270451127841326e-01
-1.584433564481942502e+00,-1.111101159928131521e+00,-7.472015747471834057e-01,-6.196762550475951592e-01,1.661496784094782297e+00,-1.420602213683337167e+00,-1.428544301888011958e+00,-1.856359898794270658e+00,-2.073252520062316417e+00,-5.109782756326759490e-01
1.658151579694564504e+00,3.938511786343115717e-02,1.308076523265517543e-01,-1.026850039503556244e+00,-9.104696985281990340e-02,-1.331500769836879705e+00,-6.213541218230786978e-01,5.189100415897432983e-01,-3.612559589171926433e-02,-3.368561867316083314e-01
-8.354730981614149066e-01,1.866042716035518190e+00,-9.406836288459067275e-01,7.165651340620867726e-01,-1.089106112540702886e+00,6.127217746004034460e-01,-2.396411442962286031e+00,-1.726449268210601129e-01,-2.582980197146245160e-01,6.703688277807583473e-01
3.495257948110384039e-01,-1.062537580222092215e+00,7.146769499328207154e-01,8.366198078595619148e-01,3.719918765435364233e-02,-9.275105796401338365e-01,7.386547271423826722e-01,1.997033620924148156e+00,-6.429230450318554890e-01,-1.166536018671544328e+00
1.599187243215552112e-01,8.356288626847226952e-01,7.049964125593380926e-01,1.221365463846319610e+00,8.319301115320408835e-01,1.974847505563237238e-01,4.733756657817692753e-02,1.729075153919743535e-01,6.918681679529163908e-01,-1.172183017780600522e+00
6.313893674166345393e-01,-1.518867678648169850e+00,-1.838193850293738940e+00,2.142743935141646627e-01,1.257104862504195619e+00,1.339746941391318114e+00,4.516199681486040424e-02,-4.603826823717924177e-01,1.944909119534356523e-01,-1.934080262441841280e-01
7.079089724858053101e-01,5.919833488482724171e-01,-8.268735923345329475e-01,9.685986192135821460e-01,-9.679772651814926299e-01,2.519057498340599999e-01,1.957450605419478462e-01,-5.084001280123443545e-01,2.358625041094379593e-01,1.273337728005909719e+00
9.829026770480095987e-01,-2.210866987683138163e+00,4.265692000251518068e-01,-3.733764726352558072e-01,-7.622008874066444895e-01,-7.663524440828073381e-01,-1.832668485121399904e+00,-2.871689273580607660e-01,3.657968436005114565e-01,1.074008457334428984e-01
1.018384048695198718e+00,-1.206538222099493129e+00,7.730597275423813919e-01,5.038799738173538323e-02,-8.276230523049100674e-01,-1.569768025090281016e+00,1.353033159743234792e+00,-1.176943387441579558e+00,-5.708738298301032632e-01,-2.543285506564406662e-01
-3.237464892911707248e-01,8.394997681799782896e-01,-8.323159499245424975e-01,-4.181471339743383364e-01,-6.161895548889333440e-01,-9.596498301540729026e-01,-5.206670255198336816e-02,9.605078114117409083e-01,-1.278120003435318619e+00,-5.113337445340663256e-01
-4.725058576611289030e-01,-2.374489983707988583e-01,1.602724169105377738e+00,1.607650456727273136e+00,2.057778834536119206e-01,-4.318858567184598596e-01,4.948188181063221669e-01,-9.479915506037800421e-01,-3.545053151696791471e-01,5.841587327256823059e-01
1.307552540493781335e+00,-5.847130501007161696e-01,7.348480454927177608e-01,1.168232680015027336e+00,-2.173458832908224669e-01,-7.314041705549475525e-01,8.172711013309158501e-01,5.735849101478932704e-02,8.320152684364472417e-01,5.063036709099448807e-01
-4.014617045535689988e-01,5.888019833703255212e-01,1.476588751472937000e+00,-3.263967137972324517e-01,1.173203434423747193e+00,-6.670992615003996928e-02,7.910353888134342704e-01,-5.240474594395049257e-01,-3.209411530529726053e-01,-3.734802434957926742e-01
-1.408445651525546682e-01,7.208243905250212302e-01,-7.782496388271261667e-01,1.679859359707475130e+00,-1.016010939750654485e+00,2.732718359807843278e+00,6.111483595213641484e-01,1.930086144016907868e-01,1.393186013739427853e+00,-1.093046349615208301e+00
7.204803763357580104e-01,4.740985755467413409e-01,1.853269570544389122e+00,1.481525841233151397e-01,-1.723449560633816269e-01,-2.461874224860123583e-01,5.769281670549384344e-01,3.138779284162285799e-01,-8.712528681000633046e-01,-2.034444977947288180e+00
2.502637764194615588e+00,-1.180893178238156871e+00,-5.041207267628843303e-01,-1.805421639245364807e+00,-1.252751438036209031e+00,-1.599851532214304539e+00,-2.564373040713988638e-01,1.106754510489045273e-01,1.002650767731610437e-01,-9.203584470880639135e-01
-9.741024597198545409e-01,4.604863699746891692e-01,5.878780454899718011e-01,-1.005424831056773494e+00,-1.179526912025273599e+00,-2.550167023698278815e-02,-1.641232338769112786e+00,9.787208134901569379e-01,-1.260877146889507916e+00,9.566818068531306452e-01
-6.690693432781019689e-01,8.143818021571357368e-01,-4.545720466611926636e-01,1.187157255005287793e+00,8.497263911557487726e-01,5.629977880380284683e-01,-2.098780281810379011e-01,1.688116236418708282e-01,-6.404713072831702547e-01,1.800485247361769403e+00
-5.209495759798450365e-01,2.514644607030386059e+00,-7.929359134834533807e-01,1.552007707328539654e+00,2.108473242436030570e-02,-4.051037336113522680e-01,6.652456302982014957e-01,9.879377069076461515e-01,-1.779650088890122772e+00,-1.613765895967665509e+00
5.256280419735716025e-01,-1.681081849598033529e+00,-7.287611016236444916e-01,2.547286764488366217e-01,-9.273904899670167845e-01,-8.291643479379643411e-01,6.511415679764722686e-01,-1.478936894433400227e-02,2.517492885840865169e-01,-8.256425056790436257e-01
5.015055538497550369e-01,7.126402939753890831e-01,8.183910554733625498e-01,-1.440249423668853668e+00,-5.273977886451916008e-01,4.236605524640671971e-01,-6.874846575145311389e-01,-4.052272766602139642e-01,-8.973376793576220978e-01,-4.587383548116355514e-01
5.071804110397905019e-01,3.887909024604938035e-01,-1.085840397600038587e+00,1.479271667416111935e+00,2.578506621475197269e-01,-1.676855808616376953e+00,-1.795098621686444185e+00,7.787088525590010191e-01,-9.638648917192262910e-01,-1.345940762994188411e+00
2.320352284803584020e-01,1.009725382033186625e+00,-3.782903608164972509e-01,6.047964335841139044e-02,-8.813153590046889363e-01,3.076876049508452948e-01,-1.694400928232451031e+00,-3.007393764379724319e-02,-3.299717465697648233e+00,5.708931592780472908e-01
-1.884474731019616378e-01,1.637415940374338685e+00,-1.814837047046933050e+00,-2.820279722422950885e-01,-6.775821174153502380e-01,-9.114233535011824483e-02,1.730341737740702879e+00,7.138718716690793942e-01,1.778490914699951908e+00,-6.615292042967692021e-01
9.629844656786266111e-01,7.508165275613674083e-01,-4.898579466421883188e-02,1.003556673664875776e+00,-3.854784260446674771e-01,-7.734539988926066867e-01,3.785237171775594767e-02,5.403599226859586713e-01,1.803160878229637942e-01,9.099167160051794268e-01
6.120902826475201897e-01,-1.259937493909257106e-02,5.355080939757962399e-01,-1.380280601779621197e+00,-2.834936943890394301e-01,1.184144272550936350e+00,-6.575140847147592504e-01,-1.146833359156299359e+00,8.286705886058769455e-01,1.592318279136289316e+00
1.718858479796837591e+00,7.530977909398609560e-01,2.139496590482808103e-01,-1.136694570798193915e+00,7.020118611938991338e-01,5.995049883817972214e-01,1.118316204707453076e+00,1.347551314442814618e+00,4.002262537740103321e-01,-1.606773943217985723e+00
4.165110766363075978e-01,-3.634815843445766137e-01,4.803932977912828695e-01,1.263914393465775721e+00,-1.368206770212768708e-01,-9.505666922859499213e-01,-2.340683307103208488e-01,-1.665544124193309716e-01,1.056063364939368254e+00,1.087611284621824881e+00
8.995503479230306798e-01,-2.838595515436734829e-01,1.515986339790030835e-01,-9.977401418253135645e-01,-9.486068688411089522e-02,2.186751795146329724e-01,-1.412338412517251562e+00,8.809489991733130410e-01,5.369015335840529035e-01,-5.411100197160417791e-01
1.322782029729953068e-01,6.483670827532170833e-01,7.452106747959230670e-01,1.711868484419369674e+00,-1.503012865574979484e+00,-2.162253174976928871e-01,-5.309566241566190392e-01,-1.139774082332648819e-01,-4.900575445641714434e-01,4.374912587911254369e-01
1.345231438631647514e+00,1.268604638837604437e+00,4.202584477993829837e-01,-8.742910111812471907e-01,-1.313585946806382354e-01,-9.090694631550835236e-01,4.706428901151489264e-01,-6.287630963903242387e-01,6.317128502973071713e-01,4.494748863193975819e-01
-4.250083287533262810e-01,-1.050257152767723801e+00,-4.653332443861882828e-01,5.570079778985321806e-01,-4.847343283444039974e-01,1.473488781722684937e+00,9.686189761078060068e-01,-4.432963713089411173e-01,-9.521432791219804903e-01,-7.387306508671523386e-02
2.054427947802562882e-01,-1.101145138698844450e+00,-5.904867669787823292e-01,1.903102684173560100e+00,-2.487896068163985008e-01,-1.006497565033964925e+00,-7.344593877707403795e-01,1.125098681080117791e-01,1.300966109454027575e-01,-8.925311225945304905e-01
-1.088598599053852256e+00,6.490011238722129816e-01,-1.218573137986386001e+00,-1.311433572477197274e+00,-1.926550921501564817e+00,-1.406510218140803792e+00,-8.233395825693210490e-01,1.665662951546936998e+00,-1.269562336342060505e+00,1.475504203757686539e-01
-1.043956581112373883e+00,1.586067173957429466e+00,4.880115874752802285e-01,5.846383802240987526e-01,3.760831858041040476e-01,-5.621729591772341994e-01,4.597213305376288695e-01,-8.393262438634919720e-01,1.670346869671377743e-01,-1.354473371323029474e+00
-2.622281442496820159e+00,6.230966833394601112e-01,-4.516146204255408469e-01,-2.448592642991945512e-01,1.488404863858767468e+00,-3.810094501313663895e-01,-9.428379551443338835e-01,-1.043478970560383079e+00,2.803729446371927114e+00,9.430770830942918348e-01
6.742187527306333639e-01,-6.056778598417826842e-01,2.679277526942359655e-01,2.882732078214784721e-01,-2.011668648646446622e-01,1.761078982896722156e-01,3.386355208998664268e-01,1.308831751759894635e+00,1.218188176662300837e+00,-8.722324731557564714e-01
2.238949337348531132e-01,-1.517464564399154447e+00,4.284274657813352261e-01,3.471403611575664128e-01,1.039141765244970594e+00,-1.289821328151461666e+00,-4.736603889842601056e-01,1.590281625945994426e+00,1.035397743100335971e-01,2.059358556047578004e-01
-2.416470094414025216e-01,9.239984733862364186e-01,1.370993261205892821e+00,-7.191169205791796415e-01,7.126341950738078745e-01,-2.856081523948197365e-01,5.731745620109973682e-01,1.159143958872280167e-01,1.080674096810527285e+00,6.637600548848099358e-01
-6.699510559308477498e-02,-5.139313753503770288e-01,-1.174547488073851786e+00,1.307519120066854557e+00,8.204729472492778841e-01,-1.817752735427190791e-01,-1.065040400218709493e+00,9.904249043829873589e-01,-1.197668628233640870e-01,9.330675123197735843e-01
3.203605563485359409e-01,2.478383934691079371e-01,-2.462461481746950065e-01,-4.132970032710420183e-01,1.346113253406111543e-01,-6.442628714388239919e-01,7.623390741502398260e-01,2.196710280090976575e+00,-1.683856771622298520e-01,-3.474388026093414017e-01
9.597354505951157799e-01,-9.432414069477351726e-01,-5.052666132755773143e-01,-1.283147719322389690e+00,2.242495746572510107e-01,1.419946978634611279e+00,1.771060850705916678e+00,-1.434418792035636603e+00,-9.152404955102624862e-02,-1.833991977971276555e+00
9.243657621593898144e-01,-6.345090225460633393e-01,1.501433293906001332e+00,-9.419813890410178026e-01,-6.602219998639680121e-01,2.150813309952266383e-01,4.399276406301557696e-01,1.035070986676152494e+00,7.385791360446753995e-01,3.244922645576728826e-01
-1.335531625541696243e+00,1.287299158389613174e+00,-1.225063418176092433e+00,-1.141674994867971860e+00,-5.747142279473720361e-01,1.046647470709830330e+00,1.766092902889181415e-01,8.907917513527095765e-02,-1.302819022638323609e+00,1.391626807516597730e-01
9.540033665426921328e-01,1.585501148031004837e+00,1.252009622812891576e-01,-3.188524288724651212e-01,2.978933112700022853e-02,1.085906960982361502e+00,1.169259757011211098e+00,5.689876377630257442e-01,7.727375285814596095e-01,1.873926860709403952e+00
1.115107767753421131e+00,-6.053028496136326764e-01,-5.527006596107902903e-01,-1.193770266772936406e+00,1.263622883439543099e+00,-4.448281884151330523e-01,-1.434956875583622615e+00,5.030516936823331564e-01,-6.457732421040484061e-01,4.184748643325306716e-01
-1.119031715730772758e-01,-6.123894636239521905e-01,-1.098723655325583248e+00,-1.930031398406137688e+00,5.277067010533956770e-01,1.989213258234547310e-01,-8.692470465412940328e-01,-1.874091431865127610e+00,2.259942733498372380e+00,-6.256773284419510084e-01
3.198469788556214666e-01,-4.468679907944773239e-02,-6.772361170133184283e-01,-8.573262339733761506e-01,-4.830024064100519460e-02,-4.777834485651924479e-01,3.941752618949190823e-01,1.780756842290568687e-01,-2.149219420127525648e+00,9.827826904188706747e-01
4.080001124662361867e-01,9.023852608467396175e-02,-2.989827928911778510e-01,-1.036216356312084530e+00,-3.925489682002019504e-02,2.295374332053911060e-01,1.565845351055185075e+00,1.717700991644196762e+00,9.023437968585378277e-01,6.962935105612231279e-01
-9.298317652964397384e-01,9.756933823994357047e-01,-2.982522125012261771e+00,5.585454538484504461e-01,-1.447665068119820431e+00,-1.028286967803885510e+00,1.682649399120348943e-01,7.863155182675335420e-01,1.244659750730389813e+00,5.120472761257838235e-01
8.152649728240632943e-01,-5.232532169695538471e-01,3.957155517085241270e-01,-1.596539906019739830e+00,8.358265707743652850e-01,3.458406176094092621e-01,1.520561514989804408e+00,1.666470440626229399e+00,1.107406020077752018e+00,2.521195437720958332e-01
-6.317646011160321651e-01,1.356471111206974500e+00,1.080508363899468360e+00,7.918610507440271284e-01,-1.126634287909144883e+00,4.225261694129501810e-01,-8.810683292044855230e-01,7.144974706004120213e-01,-1.314738074013161118e+00,8.353807958846369841e-01
1.560882884873264986e+00,4.727899429159087008e-01,4.160153338943549106e-01,-1.448148465513995120e+00,9.462219293929423625e-01,-3.117968303210778558e-01,8.818000013114865032e-01,5.056552401456904100e-01,-8.912456707231802833e-01,8.639353910924834068e-01
6.714277529595632510e-01,9.445824226440142635e-01,-2.773032190372147210e-01,5.309861888952188691e-01,8.093203345138194615e-01,-9.093645734159708227e-02,-7.985661983851487511e-01,-2.496051972519472084e+00,1.012904566284928087e+00,1.476629818938240080e+00
-1.330570208067483495e+00,8.997298372503441666e-01,-1.083764064989440445e+00,-2.021811957636663326e+00,-7.875385256666207479e-01,-3.647093936387330593e-01,8.552084013457158518e-01,2.106624707579496825e+00,4.166513871541081132e-02,1.333571217903974260e+00
-1.416392772272442313e-01,5.611292611180832557e-01,8.021659119257154927e-03,5.938886561646397055e-01,5.124241493588074237e-01,6.998254339316135608e-01,1.856444722146808612e-01,3.432914920797199704e-02,-3.149641087000885631e-01,6.671387356609771446e-01
-6.790347929056763654e-01,8.821763854012340533e-02,9.682873016729646176e-01,-1.924114037180681136e-01,1.268252588422240423e+00,1.503097906691868435e-01,-6.328803351255915532e-02,-4.180811404175480139e-01,-7.205522563204468378e-01,1.321337505131352064e+00
-5.256834115861932499e-01,-2.477821854541147062e-01,7.181068720183455545e-01,-1.199714641730248887e+00,4.765881276455227189e-01,-1.781332126455085207e+00,-2.350669411791831642e+00,-1.831037476915693851e+00,1.208480799852494236e+00,7.527868362580976136e-01
-1.766573594247799583e+00,1.232515052736036232e+00,-8.399145666269191013e-01,2.034747975313018209e-01,-7.959662412617479754e-01,-5.584693660217785460e-01,-2.075674509342384066e+00,-2.444014408820967876e+00,-8.183368146029631474e-01,1.275819909992573109e+00
6.279775126438920108e-01,-3.479545735353216096e-01,1.645381553011820430e-01,-8.521085241672979871e-01,-2.684468314820290802e-01,1.159153676926545584e+00,7.579323066082519489e-01,3.499151412916764459e-01,1.353053556246577749e+00,1.059312588480665784e+00
-8.910165545847953394e-01,1.366377812180970652e+00,2.472491473293637332e-01,2.087788144674856738e+00,-6.040978039577145076e-01,1.350583713699743393e+00,1.552600906156989646e+00,-2.558957188909145586e-01,2.375657435729964795e-01,1.741170344303304696e-01
1.060890106722672810e+00,5.893238653915476855e-01,-9.557643132614029868e-02,1.104320944830365914e+00,7.600289697150859336e-01,3.605032607664068744e-01,-2.201903757761964453e+00,3.716928368805463151e-02,2.743296997436204046e-03,1.714556614579092197e-01
-1.387288858217937682e-01,-1.167373846970827245e-01,-1.989092974548184900e+00,1.077172184238925912e+00,1.695510516592431405e-01,-1.458952592310835961e-01,1.566400773345603681e-01,-1.141463051844569199e+00,2.094163317238591837e+00,1.413470237879788760e+00
-1.362828296160236152e-01,-1.002756563119943101e+00,1.709163047454319295e-01,-9.486555654890380662e-01,-2.991571749172478034e-01,1.587215743668403567e+00,-1.622979238345566788e+00,-8.235450526733879562e-01,5.614983920511965598e-01,8.454559173552440576e-01
2.783240946912994396e+00,-2.604222103734359084e-02,-5.609984038222681768e-01,1.542913913706537299e-01,1.929562055530336995e+00,8.039680214103618328e-01,-8.187534099575978219e-01,-1.065837578678375142e+00,5.753218625604425984e-01,7.501326390729914362e-01
-2.163953895686586471e+00,-3.507313148992998730e-01,9.998976865193349717e-01,-9.415842587036536981e-01,-1.444320476533051956e-01,1.364784815115661853e+00,1.446391985878103803e+00,1.659462388012878042e+00,-1.335923483346079355e+00,1.201934347600317921e+00
-5.451326172185049224e-01,-6.096226582576365072e-01,9.614336337477427108e-01,-3.112338759757483642e-01,1.460350059295993375e-01,-2.454989481775149418e-01,-2.811473010455032839e-01,-6.646531765230528910e-01,-8.160824738964642666e-01,-3.379632350097080962e-02
-5.195308473467045163e-01,-2.780532463134665067e-01,1.018913832041438372e+00,3.530540089363854439e-01,-7.865409459823077265e-01,2.969117048352712951e-01,-8.679193441268466813e-01,-5.296357569364659179e-01,-5.468913184195583338e-02,8.678718844233561658e-01
3.633759999616453795e-01,5.525932981501509023e-01,6.680820654792775370e-02,-1.712686169840583972e+00,-6.135913554162766292e-01,-5.592932198009067379e-01,7.100514176651986364e-01,-1.782571244658155418e-01,2.522178495517149455e-01,1.285155172578432037e+00
1.195344716553120801e+00,-1.358057813216120291e+00,-2.000623958934480751e+00,8.854316741265036983e-01,-8.954402608186085022e-01,5.625540558091909338e-01,1.195572792368214232e+00,-1.078980386319306622e-01,-2.587275597297249430e-01,3.316087064632050052e-01
-2.564950732224948737e-01,8.497768007849355876e-02,-1.514220535516394239e+00,-5.442145030656019289e-01,1.875969673043315300e+00,7.494166795257376501e-01,1.140711927373388307e-01,-1.668876311748399566e+00,1.509484755006071377e-01,-1.727269842432407887e-01
-9.041606863861456622e-01,9.830792836315832561e-01,-2.086338041078883709e-01,-2.684529283300129077e+00,9.792017314240508696e-01,-5.158867424204502949e-01,3.340126806246024316e-02,-4.625519323274437378e-01,-4.182040789158723570e-01,5.144462357861422364e-01
-6.751154805447603935e-02,1.775754925335982559e+00,1.214139983360161601e+00,7.460949517058160785e-01,-7.849547203706191967e-01,1.181053909738170260e+00,4.435746651882321312e-01,-1.278527332273125650e+00,1.119889626661885851e+00,1.322909312378719449e-01
-5.822511887087418979e-03,9.638628137844150734e-01,-1.243931106810511888e+00,8.318820906379514879e-01,-9.820654428615173126e-01,-4.216033757810169202e-01,-1.602882230520471518e-01,-1.698222882031264480e-01,2.929576724219331019e-01,-7.166249070719175052e-01
-7.958640883910151897e-01,-1.113830500000899115e-01,1.500783393928118159e-01,-1.062393077232246241e-01,-6.964263628094005121e-01,1.527636249897136034e-01,5.252606071956914535e-01,1.515106762674973406e-01,-4.122028423553998344e-01,-1.701282338083261791e+00
-6.253689107397893965e-01,-1.641471925331929871e-01,8.297825525646707057e-01,-2.119296615084558244e+00,-2.314013527942775372e+00,6.580465335396563920e-02,-2.434881269527676917e+00,-3.086026538102388736e-02,-3.063789118391320176e-01,1.260671221732967140e-01
-3.906015381815552412e-01,1.574597208592330988e-01,1.636921778742204125e+00,-7.177932535628217536e-02,1.470603534357456832e+00,4.864917335998447112e-01,3.347935888117148928e-01,2.800969583124446882e-01,-3.559275619969345383e-01,2.899705072743180012e-01
7.041473033192579001e-01,-1.032096058286553930e+00,8.431680190440093980e-01,-8.626526703689288977e-01,5.377838915144630416e-01,9.562969954940393480e-01,-2.011273501036822786e+00,-4.957906749073539010e-01,-9.543334213065527427e-01,8.865470977283246290e-01
1.781747067738683743e-01,-9.767950122705129079e-01,5.836718015540786064e-01,-1.506393402922541203e+00,5.101849344170243938e-01,-6.854451128890974854e-01,-1.317847123273218291e+00,3.393655925790415306e-01,6.797223334509510106e-01,-5.858354900943162358e-01
-1.492208698968760405e+00,-4.842647569568441779e-01,1.563929312090117429e+00,7.887671406836179733e-01,-1.681916061656018258e+00,-7.147837334978326407e-01,2.733425630646010851e-01,1.274588009590775783e+00,8.981219625826750153e-02,2.359051903396382155e+00
1.419138740951741529e+00,-1.473967144978906019e+00,-1.083458369685261324e+00,-1.876959673050448696e-01,7.687578297801833660e-01,4.095141387361392327e-01,1.578444099367969367e-01,1.294879858367591563e+00,-3.041391030881142044e-01,-8.410308019188206252e-01
-4.896697046594412628e-01,4.786748271206762717e-01,-4.281451911071447181e-01,-1.022865330484965390e-01,8.181038826226078031e-01,2.242466337000177112e-01,3.690746559574584751e-01,9.132141447037396276e-01,5.056762395170718571e-01,3.433196452536717569e+00
-2.085546906422611535e+00,6.812509036612635072e-01,-1.221452878288382893e+00,-1.878438232698756760e+00,2.685938210889270428e-01,4.320535748919078212e-01,-6.267262161717843671e-01,-2.149930627298876296e+00,-3.985289397268224620e-01,-9.685165191769680160e-01
-6.196357680030223358e-01,-1.018095032943034051e+00,-2.105800734507448368e-01,-2.718609053567880851e-01,5.394054067144001818e-01,-1.438215642897965607e-01,-6.113813074336326148e-01,-6.148461482912180864e-01,7.143280151098304609e-01,-3.647833043483246218e-01
2.733867403143399599e-01,1.134801040892334245e-01,5.758799001246971416e-01,-6.976041334266784855e-01,2.380610648623591920e-03,-4.502637070864927704e-01,-2.666242058489602940e+00,-1.228790809846174500e-03,-1.090932934811926103e+00,-1.930543253159781869e-01
2.109101071151311846e+00,1.298614124777732082e+00,-2.313927274060135097e+00,9.075348476808882126e-01,9.883037324341878982e-01,-2.460055144449881659e-01,-5.392010362192736217e-01,7.508937271952485781e-02,-5.377854886626844966e-01,1.394624900285195368e+00
-1.693798527862412640e-01,-4.078435212156317768e-01,2.484624136126264982e-01,8.201861911852897924e-02,1.347831988110960388e+00,-1.263970192430919903e+00,-1.084595860143462875e+00,-1.854537175900591972e+00,7.026081407003285095e-01,6.466694300647336524e-01
-2.242882495184988834e+00,-3.065347598175092725e-01,1.487465144637788006e+00,-1.074881495981278690e+00,7.412010808525335559e-01,5.040975534034853878e-01,-3.417675847613083767e-02,-2.460699647334370910e-01,5.407803936720451121e-01,3.339648143976070571e-01
9.250703135062071647e-01,8.235563951255268078e-01,-1.027529822255576430e+00,-3.944064014381229444e-01,-1.594225220495607553e-01,-3.080398354721077259e-01,9.487864755386066218e-01,4.906673065874971318e-01,7.991411323827843916e-01,4.567788445922147389e-01
3.322008839669876035e-01,5.593993651225122321e-02,-1.489444710235965141e+00,2.384169204431046407e-01,2.118525937085491861e+00,-1.049213163181091257e+00,6.902885226116282080e-01,-7.145481581793547976e-01,-5.241808018335363251e-01,3.137949946561233161e-01
-7.479320974691425761e-01,-4.237907487725693922e-01,9.001059139297986622e-01,-1.030732497573983997e-01,1.553675314053278633e+00,8.465716686558114601e-01,-1.070310493697538723e+00,3.619261726394167322e-01,3.594784370637722493e-01,1.670236104187155235e-01
-2.147329653271287109e-01,1.517425779251533324e+00,-1.066416280027005392e+00,3.173638787782544490e-01,1.140146236873901091e-02,1.717158834433211823e+00,5.869659453246451886e-01,-1.548889640503296361e+00,5.620764796969761612e-01,4.455348606696237224e-01
